E40AW,51.633323,0.007636,Waltham Forest
E40BE,51.633323,0.007636,Waltham Forest
E40BL,51.633323,0.007636,Waltham Forest
E40BQ,51.633323,0.007636,Waltham Forest
E40DE,51.633323,0.007636,Waltham Forest
E40DX,51.633323,0.007636,Waltham Forest
E40EA,51.633323,0.007636,Waltham Forest
E40EH,51.633323,0.007636,Waltham Forest
E40FH,51.633323,0.007636,Waltham Forest
E40FL,51.633323,0.007636,Waltham Forest
E40FN,51.633323,0.007636,Waltham Forest
E40FY,51.633323,0.007636,Waltham Forest
E40GA,51.633323,0.007636,Waltham Forest
E40GF,51.633323,0.007636,Waltham Forest
E40GL,51.633323,0.007636,Waltham Forest
E40GN,51.633323,0.007636,Waltham Forest
E40GR,51.633323,0.007636,Waltham Forest
E40GW,51.633323,0.007636,Waltham Forest
E40HA,51.633323,0.007636,Waltham Forest
E40HB,51.633323,0.007636,Waltham Forest
E40HX,51.633323,0.007636,Waltham Forest
E40HY,51.633323,0.007636,Waltham Forest
E40HZ,51.633323,0.007636,Waltham Forest
E40JE,51.633323,0.007636,Waltham Forest
E40JJ,51.633323,0.007636,Waltham Forest
E40JL,51.633323,0.007636,Waltham Forest
E40JN,51.633323,0.007636,Waltham Forest
E40JP,51.633323,0.007636,Waltham Forest
E40JQ,51.633323,0.007636,Waltham Forest
E40JR,51.633323,0.007636,Waltham Forest
E40JS,51.633323,0.007636,Waltham Forest
E40JT,51.633323,0.007636,Waltham Forest
E40JU,51.633323,0.007636,Waltham Forest
E40JW,51.633323,0.007636,Waltham Forest
E40JX,51.633323,0.007636,Waltham Forest
E46AA,51.633323,0.007636,Waltham Forest
E46AB,51.633333,0.008663,Waltham Forest
E46AD,51.633505,0.008976,Waltham Forest
E46AE,51.629987,-0.004574,Waltham Forest
E46AF,51.630502,-0.004120,Waltham Forest
E46AG,51.632760,0.008380,Waltham Forest
E46AL,51.633025,0.009750,Waltham Forest
E46AN,51.633911,0.010061,Waltham Forest
E46AP,51.633250,0.008156,Waltham Forest
E46AR,51.633800,0.012775,Waltham Forest
E46AS,51.633834,0.012358,Waltham Forest
E46AT,51.631737,0.014028,Waltham Forest
E46AU,51.633360,0.013895,Waltham Forest
E46AX,51.633073,0.013769,Waltham Forest
E46AY,51.632890,0.013920,Waltham Forest
E46AZ,51.631312,0.014183,Waltham Forest
E46BA,51.628687,0.016768,Waltham Forest
E46BB,51.629814,0.014983,Waltham Forest
E46BD,51.630776,0.016601,Waltham Forest
E46BE,51.629957,0.016721,Waltham Forest
E46BF,51.630038,-0.003921,Waltham Forest
E46BG,51.630517,0.017008,Waltham Forest
E46BH,51.629064,0.017854,Waltham Forest
E46BJ,51.628241,0.018205,Waltham Forest
E46BL,51.632540,0.013861,Waltham Forest
E46BN,51.632443,0.007484,Waltham Forest
E46BP,51.622937,0.006993,Waltham Forest
E46BQ,51.630087,0.017423,Waltham Forest
E46BS,51.633395,0.012281,Waltham Forest
E46BT,51.632034,0.012452,Waltham Forest
E46BU,51.632232,0.012981,Waltham Forest
E46BW,51.621229,0.011277,Waltham Forest
E46BX,51.633078,0.012902,Waltham Forest
E46BY,51.630584,0.014165,Waltham Forest
E46BZ,51.630506,0.011864,Waltham Forest
E46DA,51.631950,0.011610,Waltham Forest
E46DB,51.631426,0.011182,Waltham Forest
E46DD,51.630443,0.009780,Waltham Forest
E46DE,51.629618,0.012301,Waltham Forest
E46DF,51.629386,0.011121,Waltham Forest
E46DG,51.629414,0.009504,Waltham Forest
E46DH,51.627522,0.010764,Waltham Forest
E46DJ,51.631314,0.010411,Waltham Forest
E46DL,51.633088,0.012325,Waltham Forest
E46DN,51.627305,0.015537,Waltham Forest
E46DP,51.626594,0.014523,Waltham Forest
E46DQ,51.628284,0.012023,Waltham Forest
E46DR,51.628118,0.014792,Waltham Forest
E46DS,51.628597,0.015189,Waltham Forest
E46DT,51.629141,0.014910,Waltham Forest
E46DU,51.626457,0.017247,Waltham Forest
E46DW,51.627789,0.015601,Waltham Forest
E46DX,51.625902,0.015027,Waltham Forest
E46DY,51.627010,0.017012,Waltham Forest
E46DZ,51.626890,0.018220,Waltham Forest
E46EA,51.627248,0.016340,Waltham Forest
E46EB,51.626724,0.009558,Waltham Forest
E46ED,51.633272,0.011076,Waltham Forest
E46EE,51.631971,0.009862,Waltham Forest
E46EF,51.630124,0.007960,Waltham Forest
E46EG,51.628720,0.009054,Waltham Forest
E46EH,51.627926,0.006563,Waltham Forest
E46EJ,51.627981,0.007562,Waltham Forest
E46EL,51.622894,0.008435,Waltham Forest
E46EN,51.624037,0.008963,Waltham Forest
E46EP,51.629147,0.007238,Waltham Forest
E46EQ,51.627411,0.009372,Waltham Forest
E46ER,51.628373,0.013055,Waltham Forest
E46ES,51.625238,0.011368,Waltham Forest
E46ET,51.625208,0.010921,Waltham Forest
E46EU,51.624236,0.009911,Waltham Forest
E46EW,51.625488,0.007192,Waltham Forest
E46EX,51.625057,0.009759,Waltham Forest
E46EY,51.625358,0.009512,Waltham Forest
E46EZ,51.626778,0.007971,Waltham Forest
E46FA,51.622767,-0.001510,Waltham Forest
E46FN,51.633323,0.007636,Waltham Forest
E46FY,51.629408,0.006784,Waltham Forest
E46HA,51.623765,0.009572,Waltham Forest
E46HB,51.623556,0.010213,Waltham Forest
E46HD,51.622777,0.009008,Waltham Forest
E46HE,51.623470,0.010527,Waltham Forest
E46HF,51.623320,0.010896,Waltham Forest
E46HG,51.623165,0.011019,Waltham Forest
E46HH,51.623810,0.012232,Waltham Forest
E46HJ,51.622074,0.010133,Waltham Forest
E46HN,51.626229,0.009565,Waltham Forest
E46HP,51.624567,0.013190,Waltham Forest
E46HQ,51.622534,0.011612,Waltham Forest
E46HR,51.623208,0.012726,Waltham Forest
E46HS,51.621657,0.010880,Waltham Forest
E46HT,51.621445,0.011174,Waltham Forest
E46HU,51.620399,0.009741,Waltham Forest
E46HW,51.625679,0.009122,Waltham Forest
E46HX,51.621049,0.011705,Waltham Forest
E46HY,51.620802,0.011955,Waltham Forest
E46HZ,51.620245,0.011410,Waltham Forest
E46JA,51.619326,0.009517,Waltham Forest
E46JB,51.619796,0.011431,Waltham Forest
E46JD,51.621891,0.012927,Waltham Forest
E46JE,51.622869,0.013606,Waltham Forest
E46JF,51.619498,0.009860,Waltham Forest
E46JG,51.621628,0.012118,Waltham Forest
E46JH,51.624025,0.005550,Waltham Forest
E46JJ,51.622421,0.007735,Waltham Forest
E46JL,51.622810,0.005484,Waltham Forest
E46JN,51.623267,0.004031,Waltham Forest
E46JP,51.621841,0.003795,Waltham Forest
E46JQ,51.623354,0.006373,Waltham Forest
E46JR,51.621887,0.006368,Waltham Forest
E46JS,51.620075,0.008195,Waltham Forest
E46JT,51.621150,0.008965,Waltham Forest
E46JU,51.623270,0.004855,Waltham Forest
E46JW,51.622312,0.002530,Waltham Forest
E46JY,51.620202,0.001801,Waltham Forest
E46JZ,51.619742,0.002417,Waltham Forest
E46LA,51.621494,0.003563,Waltham Forest
E46LB,51.621265,0.006428,Waltham Forest
E46LD,51.620486,0.007823,Waltham Forest
E46LE,51.619900,0.007506,Waltham Forest
E46LF,51.619949,0.006179,Waltham Forest
E46LG,51.619698,0.005001,Waltham Forest
E46LH,51.620290,0.004536,Waltham Forest
E46LJ,51.619680,0.003960,Waltham Forest
E46LL,51.619771,0.003371,Waltham Forest
E46LP,51.618476,0.003962,Waltham Forest
E46LQ,51.619110,0.006260,Waltham Forest
E46LR,51.617595,0.003432,Waltham Forest
E46LS,51.617951,0.004635,Waltham Forest
E46LT,51.617149,0.005264,Waltham Forest
E46LU,51.616360,0.005070,Waltham Forest
E46LW,51.619039,0.007901,Waltham Forest
E46LX,51.616874,0.007101,Waltham Forest
E46LY,51.616002,0.006022,Waltham Forest
E46LZ,51.615616,0.006638,Waltham Forest
E46NA,51.616934,0.008331,Waltham Forest
E46NB,51.618033,0.008235,Waltham Forest
E46ND,51.618279,0.007004,Waltham Forest
E46NE,51.618181,0.005353,Waltham Forest
E46NF,51.618649,0.002686,Waltham Forest
E46NH,51.620818,0.000470,Waltham Forest
E46NJ,51.621026,-0.000127,Waltham Forest
E46NN,51.619954,0.000534,Waltham Forest
E46NP,51.616688,0.000115,Waltham Forest
E46NR,51.615414,-0.001096,Waltham Forest
E46NS,51.615578,-0.001782,Waltham Forest
E46NT,51.617234,-0.000251,Waltham Forest
E46NU,51.618497,-0.001062,Waltham Forest
E46NW,51.617167,0.002101,Waltham Forest
E46NX,51.617860,-0.000584,Waltham Forest
E46NY,51.615590,0.002797,Waltham Forest
E46PA,51.625529,0.000548,Waltham Forest
E46PB,51.625060,0.001163,Waltham Forest
E46PD,51.624798,0.001842,Waltham Forest
E46PE,51.622581,0.000981,Waltham Forest
E46PF,51.621140,-0.001509,Waltham Forest
E46PG,51.621937,-0.001835,Waltham Forest
E46PH,51.622678,-0.003117,Waltham Forest
E46PJ,51.623735,-0.001308,Waltham Forest
E46PL,51.623517,-0.001694,Waltham Forest
E46PN,51.623441,0.000138,Waltham Forest
E46PP,51.630590,-0.003044,Waltham Forest
E46PQ,51.623911,-0.004233,Waltham Forest
E46PR,51.630790,-0.003166,Waltham Forest
E46PT,51.630460,-0.003325,Waltham Forest
E46PU,51.627653,-0.007465,Waltham Forest
E46PW,51.623692,0.001880,Waltham Forest
E46PX,51.625759,-0.006652,Waltham Forest
E46PY,51.625365,-0.007233,Waltham Forest
E46PZ,51.624722,-0.007521,Waltham Forest
E46QA,51.625251,-0.004177,Waltham Forest
E46QB,51.624633,-0.001197,Waltham Forest
E46QD,51.623795,-0.000612,Waltham Forest
E46QE,51.624266,0.001385,Waltham Forest
E46QF,51.624396,0.000556,Waltham Forest
E46QG,51.625504,-0.002227,Waltham Forest
E46QH,51.631340,-0.004228,Waltham Forest
E46QJ,51.631137,-0.005058,Waltham Forest
E46QL,51.631338,-0.002072,Waltham Forest
E46QN,51.630475,-0.002067,Waltham Forest
E46QP,51.628859,-0.004869,Waltham Forest
E46QQ,51.625921,-0.006110,Waltham Forest
E46QR,51.627564,-0.003729,Waltham Forest
E46QS,51.627332,-0.004444,Waltham Forest
E46QT,51.627663,-0.005357,Waltham Forest
E46QU,51.626814,-0.009972,Waltham Forest
E46QW,51.628595,-0.005256,Waltham Forest
E46QX,51.626615,-0.010992,Waltham Forest
E46QY,51.630195,-0.002556,Waltham Forest
E46QZ,51.629695,-0.003315,Waltham Forest
E46RA,51.628537,-0.005504,Waltham Forest
E46RB,51.626022,-0.013633,Waltham Forest
E46RD,51.623595,-0.016354,Waltham Forest
E46RE,51.624045,-0.014283,Waltham Forest
E46RF,51.623335,-0.014314,Waltham Forest
E46RG,51.623071,-0.014614,Waltham Forest
E46RH,51.623334,-0.010936,Waltham Forest
E46RJ,51.623562,-0.009132,Waltham Forest
E46RL,51.623217,-0.009465,Waltham Forest
E46RN,51.624069,-0.007203,Waltham Forest
E46RP,51.623883,-0.008973,Waltham Forest
E46RQ,51.623034,-0.012463,Waltham Forest
E46RR,51.624110,-0.010584,Waltham Forest
E46RS,51.624326,-0.010168,Waltham Forest
E46RT,51.624639,-0.005776,Waltham Forest
E46RU,51.624381,-0.005961,Waltham Forest
E46RW,51.623408,-0.010641,Waltham Forest
E46RX,51.624871,-0.005610,Waltham Forest
E46RY,51.624986,-0.004969,Waltham Forest
E46RZ,51.623789,-0.005441,Waltham Forest
E46SA,51.622930,-0.005230,Waltham Forest
E46SB,51.622445,-0.006222,Waltham Forest
E46SE,51.622182,-0.005147,Waltham Forest
E46SF,51.622923,-0.006317,Waltham Forest
E46SG,51.622663,-0.008088,Waltham Forest
E46SH,51.617346,-0.018464,Waltham Forest
E46SJ,51.618044,-0.017191,Waltham Forest
E46SP,51.618767,-0.014198,Waltham Forest
E46SQ,51.623364,-0.010152,Waltham Forest
E46SS,51.619008,-0.014214,Waltham Forest
E46ST,51.619748,-0.016914,Waltham Forest
E46SX,51.623313,-0.011397,Waltham Forest
E46SY,51.619457,-0.015220,Waltham Forest
E46TA,51.619962,-0.015764,Waltham Forest
E46TB,51.620111,-0.014021,Waltham Forest
E46TD,51.620378,-0.014371,Waltham Forest
E46TE,51.620271,-0.011255,Waltham Forest
E46TG,51.623576,0.001803,Waltham Forest
E46TL,51.630807,-0.001503,Waltham Forest
E46TN,51.629221,-0.003943,Waltham Forest
E46TP,51.628467,-0.005652,Waltham Forest
E46TR,51.630405,-0.002200,Waltham Forest
E46TS,51.628423,-0.004093,Waltham Forest
E46TT,51.626457,-0.005251,Waltham Forest
E46TU,51.627494,-0.006492,Waltham Forest
E46TW,51.627029,-0.007275,Waltham Forest
E46TX,51.626568,-0.006067,Waltham Forest
E46TY,51.626892,-0.006602,Waltham Forest
E46UA,51.618574,0.000791,Waltham Forest
E46UB,51.617105,-0.001657,Waltham Forest
E46UD,51.616675,-0.001145,Waltham Forest
E46UE,51.620445,-0.001381,Waltham Forest
E46UF,51.619895,-0.002878,Waltham Forest
E46UG,51.631375,-0.002663,Waltham Forest
E46UH,51.631057,-0.002475,Waltham Forest
E46UN,51.620089,-0.001050,Waltham Forest
E46UP,51.619706,0.008208,Waltham Forest
E46UQ,51.631273,-0.003000,Waltham Forest
E46UU,51.619622,-0.000466,Waltham Forest
E46UW,51.619669,-0.001198,Waltham Forest
E46UX,51.620214,-0.002084,Waltham Forest
E46UY,51.622345,0.004898,Waltham Forest
E46UZ,51.622657,0.005042,Waltham Forest
E46XH,51.618762,-0.001801,Waltham Forest
E46XJ,51.619026,-0.003581,Waltham Forest
E46XL,51.619395,-0.003102,Waltham Forest
E46XN,51.619372,-0.002786,Waltham Forest
E46XP,51.618990,-0.004666,Waltham Forest
E46XQ,51.625389,-0.013979,Waltham Forest
E46XR,51.619659,-0.005373,Waltham Forest
E46XS,51.619903,-0.004380,Waltham Forest
E46XT,51.619188,-0.000930,Waltham Forest
E46XU,51.625198,-0.012239,Waltham Forest
E46XW,51.619372,-0.003869,Waltham Forest
E46YE,51.624820,-0.012790,Waltham Forest
E47AA,51.634722,0.006311,Waltham Forest
E47AB,51.634373,0.007700,Waltham Forest
E47AD,51.634498,0.009324,Waltham Forest
E47AE,51.634480,0.005638,Waltham Forest
E47AF,51.633958,0.007754,Waltham Forest
E47AG,51.634035,0.007454,Waltham Forest
E47AH,51.633876,0.006767,Waltham Forest
E47AJ,51.634093,0.006254,Waltham Forest
E47AL,51.634113,0.004466,Waltham Forest
E47AN,51.634427,0.002933,Waltham Forest
E47AP,51.635703,0.001949,Waltham Forest
E47AQ,51.634423,0.005809,Waltham Forest
E47AR,51.636161,0.004712,Waltham Forest
E47AS,51.635912,0.003895,Waltham Forest
E47AT,51.635769,0.004409,Waltham Forest
E47AU,51.636349,0.004131,Waltham Forest
E47AW,51.635920,0.005092,Waltham Forest
E47AX,51.635931,0.005442,Waltham Forest
E47AY,51.634913,0.009747,Waltham Forest
E47AZ,51.634515,0.011547,Waltham Forest
E47BA,51.632756,0.007163,Waltham Forest
E47BB,51.632926,0.007621,Waltham Forest
E47BE,51.631549,0.004104,Waltham Forest
E47BH,51.631452,0.003366,Waltham Forest
E47BJ,51.631162,0.003610,Waltham Forest
E47BN,51.630319,0.003894,Waltham Forest
E47BP,51.629886,0.003990,Waltham Forest
E47BS,51.629743,0.002872,Waltham Forest
E47BT,51.630701,0.005226,Waltham Forest
E47BU,51.631931,0.005942,Waltham Forest
E47BW,51.630229,0.004509,Waltham Forest
E47DA,51.631211,0.004422,Waltham Forest
E47DB,51.630884,0.006086,Waltham Forest
E47DD,51.631359,0.005659,Waltham Forest
E47DG,51.631500,0.006949,Waltham Forest
E47DH,51.631697,0.007466,Waltham Forest
E47DJ,51.631994,0.008083,Waltham Forest
E47DL,51.631979,0.007360,Waltham Forest
E47DP,51.632880,0.003992,Waltham Forest
E47DQ,51.630718,0.006972,Waltham Forest
E47DR,51.632268,0.002983,Waltham Forest
E47DS,51.632755,0.002368,Waltham Forest
E47DT,51.634351,0.001066,Waltham Forest
E47DU,51.634076,0.000317,Waltham Forest
E47DW,51.633489,0.001589,Waltham Forest
E47DX,51.633736,-0.001880,Waltham Forest
E47DY,51.633583,-0.002436,Waltham Forest
E47DZ,51.632617,-0.003273,Waltham Forest
E47EA,51.631946,-0.001901,Waltham Forest
E47ED,51.632822,-0.001010,Waltham Forest
E47EE,51.633923,-0.000196,Waltham Forest
E47EF,51.632995,0.000934,Waltham Forest
E47EG,51.632158,0.003657,Waltham Forest
E47EL,51.630340,0.000557,Waltham Forest
E47EN,51.631634,0.002189,Waltham Forest
E47EP,51.632173,0.001158,Waltham Forest
E47EQ,51.631973,0.004964,Waltham Forest
E47ER,51.631910,0.000349,Waltham Forest
E47ES,51.630999,-0.000052,Waltham Forest
E47ET,51.630061,-0.001550,Waltham Forest
E47EU,51.629811,-0.001128,Waltham Forest
E47EW,51.631587,0.001866,Waltham Forest
E47EX,51.630513,0.000547,Waltham Forest
E47EY,51.628667,0.002159,Waltham Forest
E47EZ,51.630762,0.000168,Waltham Forest
E47FP,51.632490,0.005880,Waltham Forest
E47FR,51.632187,-0.006965,Waltham Forest
E47GA,51.635377,0.007929,Waltham Forest
E47GL,51.626125,0.003157,Waltham Forest
E47HA,51.629628,-0.000330,Waltham Forest
E47HB,51.629295,0.000641,Waltham Forest
E47HD,51.628752,-0.001218,Waltham Forest
E47HE,51.628485,-0.001909,Waltham Forest
E47HF,51.627568,-0.000388,Waltham Forest
E47HG,51.627790,-0.001667,Waltham Forest
E47HH,51.628769,0.000372,Waltham Forest
E47HJ,51.629399,0.001426,Waltham Forest
E47HL,51.627947,0.001145,Waltham Forest
E47HN,51.628609,0.000842,Waltham Forest
E47HP,51.628411,0.004082,Waltham Forest
E47HR,51.626970,0.004712,Waltham Forest
E47HS,51.626945,0.002965,Waltham Forest
E47HT,51.626035,0.000382,Waltham Forest
E47HU,51.626266,0.000045,Waltham Forest
E47HW,51.632134,0.001963,Waltham Forest
E47HX,51.626692,-0.002782,Waltham Forest
E47HY,51.627837,-0.002934,Waltham Forest
E47HZ,51.627111,0.003753,Waltham Forest
E47JA,51.627279,0.000755,Waltham Forest
E47JB,51.626852,0.000476,Waltham Forest
E47JE,51.628257,0.003121,Waltham Forest
E47JF,51.626342,0.002546,Waltham Forest
E47JG,51.631887,-0.005285,Waltham Forest
E47JH,51.633642,-0.010586,Waltham Forest
E47JJ,51.633279,-0.009949,Waltham Forest
E47JL,51.634238,-0.011338,Waltham Forest
E47JN,51.633401,-0.011822,Waltham Forest
E47JP,51.633237,-0.013838,Waltham Forest
E47JR,51.633385,-0.014626,Waltham Forest
E47JS,51.633052,-0.012994,Waltham Forest
E47JT,51.631163,-0.012961,Waltham Forest
E47JU,51.628365,-0.011797,Waltham Forest
E47JW,51.634057,-0.012863,Waltham Forest
E47JX,51.628702,-0.011031,Waltham Forest
E47JY,51.629288,-0.010586,Waltham Forest
E47JZ,51.629612,-0.012077,Waltham Forest
E47LA,51.630591,-0.008940,Waltham Forest
E47LB,51.631140,-0.008945,Waltham Forest
E47LD,51.628812,-0.011647,Waltham Forest
E47LG,51.631295,-0.006973,Waltham Forest
E47LH,51.627822,-0.008960,Waltham Forest
E47LJ,51.629198,-0.006848,Waltham Forest
E47LL,51.628154,-0.009465,Waltham Forest
E47LN,51.632677,-0.009455,Waltham Forest
E47LP,51.632831,-0.011630,Waltham Forest
E47LQ,51.632022,-0.008487,Waltham Forest
E47LR,51.631256,-0.011526,Waltham Forest
E47LS,51.631238,-0.012105,Waltham Forest
E47LT,51.630014,-0.007231,Waltham Forest
E47LW,51.631275,-0.010037,Waltham Forest
E47LY,51.632218,-0.004635,Waltham Forest
E47LZ,51.633182,-0.004202,Waltham Forest
E47NA,51.634101,-0.006361,Waltham Forest
E47NB,51.633411,-0.007126,Waltham Forest
E47ND,51.633411,-0.007126,Waltham Forest
E47NE,51.633411,-0.007126,Waltham Forest
E47NF,51.633411,-0.007126,Waltham Forest
E47NG,51.634712,-0.008022,Waltham Forest
E47NH,51.635710,-0.008513,Waltham Forest
E47NJ,51.637026,-0.009236,Waltham Forest
E47NL,51.636677,-0.009873,Waltham Forest
E47NN,51.636260,-0.011264,Waltham Forest
E47NP,51.637199,-0.007783,Waltham Forest
E47NQ,51.634946,-0.009052,Waltham Forest
E47NR,51.637944,-0.007158,Waltham Forest
E47NS,51.636469,-0.012440,Waltham Forest
E47NT,51.633716,-0.005479,Waltham Forest
E47NU,51.634460,-0.009565,Waltham Forest
E47NW,51.636417,-0.007803,Waltham Forest
E47NX,51.635688,-0.011448,Waltham Forest
E47NZ,51.636954,-0.013502,Waltham Forest
E47PA,51.637676,-0.012575,Waltham Forest
E47PB,51.638669,-0.010118,Waltham Forest
E47PD,51.639675,-0.009019,Waltham Forest
E47PE,51.639889,-0.008261,Waltham Forest
E47PF,51.639342,-0.006880,Waltham Forest
E47PG,51.638436,-0.007006,Waltham Forest
E47PH,51.640667,-0.006449,Waltham Forest
E47PJ,51.640271,-0.006507,Waltham Forest
E47PL,51.641089,-0.009694,Waltham Forest
E47PN,51.640767,-0.009766,Waltham Forest
E47PP,51.634529,-0.010472,Waltham Forest
E47PQ,51.639270,-0.005308,Waltham Forest
E47PR,51.635001,-0.012752,Waltham Forest
E47PS,51.635247,-0.012002,Waltham Forest
E47PT,51.634697,-0.011896,Waltham Forest
E47PU,51.635032,-0.013601,Waltham Forest
E47PW,51.634280,-0.009053,Waltham Forest
E47PX,51.636662,-0.013691,Waltham Forest
E47PY,51.637469,-0.011922,Waltham Forest
E47PZ,51.638077,-0.010765,Waltham Forest
E47QA,51.640033,-0.011055,Waltham Forest
E47QB,51.643915,-0.010223,Waltham Forest
E47QD,51.644243,-0.009527,Waltham Forest
E47QE,51.643759,-0.010661,Waltham Forest
E47QH,51.634411,0.017542,Waltham Forest
E47QJ,51.639489,0.011943,Waltham Forest
E47RS,51.641988,-0.009105,Waltham Forest
E47RT,51.643143,-0.006615,Waltham Forest
E47RU,51.642427,-0.009028,Waltham Forest
E47RX,51.644508,-0.009226,Waltham Forest
E47RY,51.645098,-0.008521,Waltham Forest
E47RZ,51.646310,-0.009480,Waltham Forest
E47SE,51.642540,-0.007723,Waltham Forest
E47SG,51.626189,-0.017166,Waltham Forest
E47SH,51.625684,-0.018676,Waltham Forest
E47SJ,51.624548,-0.019000,Waltham Forest
E47SL,51.625493,-0.019609,Waltham Forest
E47SN,51.627556,-0.018247,Waltham Forest
E47SP,51.629499,-0.016646,Waltham Forest
E47SQ,51.625610,-0.017985,Waltham Forest
E47SR,51.629536,-0.017280,Waltham Forest
E47SS,51.630977,-0.013662,Waltham Forest
E47ST,51.627813,-0.012659,Waltham Forest
E47SW,51.626840,-0.017368,Waltham Forest
E47TA,51.635229,-0.013549,Waltham Forest
E47TN,51.636823,-0.011051,Waltham Forest
E47TW,51.636590,-0.010556,Waltham Forest
E47UA,51.635888,0.005873,Waltham Forest
E47UD,51.635431,0.005723,Waltham Forest
E47UE,51.635062,0.005230,Waltham Forest
E47UF,51.635130,0.004973,Waltham Forest
E47UH,51.640722,-0.002917,Waltham Forest
E47UN,51.637980,-0.013460,Waltham Forest
E47UT,51.628139,-0.002719,Waltham Forest
E47UW,51.638630,-0.013154,Waltham Forest
E48AA,51.621946,-0.017755,Waltham Forest
E48AB,51.621960,-0.019141,Waltham Forest
E48AD,51.622002,-0.021639,Waltham Forest
E48AE,51.622760,-0.022285,Waltham Forest
E48AG,51.622871,-0.024115,Waltham Forest
E48AH,51.626197,-0.020821,Waltham Forest
E48AJ,51.627103,-0.020160,Waltham Forest
E48AL,51.614968,-0.021511,Waltham Forest
E48AN,51.626108,-0.020362,Waltham Forest
E48AP,51.624826,-0.020577,Waltham Forest
E48AQ,51.625691,-0.022160,Waltham Forest
E48AR,51.621744,-0.023889,Waltham Forest
E48AS,51.615996,-0.024763,Waltham Forest
E48AT,51.623508,-0.018684,Waltham Forest
E48AU,51.624563,-0.018306,Waltham Forest
E48AW,51.624566,-0.022192,Waltham Forest
E48AX,51.623756,-0.021100,Waltham Forest
E48AY,51.624069,-0.020985,Waltham Forest
E48AZ,51.623107,-0.023180,Waltham Forest
E48BA,51.623140,-0.021907,Waltham Forest
E48BB,51.622607,-0.021222,Waltham Forest
E48BD,51.623068,-0.019801,Waltham Forest
E48BE,51.622380,-0.020048,Waltham Forest
E48BF,51.612367,-0.019172,Waltham Forest
E48BG,51.622336,-0.018475,Waltham Forest
E48BH,51.623031,-0.018112,Waltham Forest
E48BJ,51.603721,-0.014104,Waltham Forest
E48BN,51.626395,-0.013877,Waltham Forest
E48BP,51.627100,-0.015190,Waltham Forest
E48BQ,51.622275,-0.019157,Waltham Forest
E48BS,51.626257,-0.015877,Waltham Forest
E48BT,51.624832,-0.016690,Waltham Forest
E48BU,51.622804,-0.016894,Waltham Forest
E48BW,51.626779,-0.015363,Waltham Forest
E48BX,51.619658,-0.017537,Waltham Forest
E48BY,51.621021,-0.017290,Waltham Forest
E48BZ,51.620050,-0.017867,Waltham Forest
E48DA,51.619021,-0.018058,Waltham Forest
E48DB,51.618583,-0.017772,Waltham Forest
E48DD,51.617893,-0.017848,Waltham Forest
E48DF,51.603266,-0.014340,Waltham Forest
E48DG,51.618226,-0.018466,Waltham Forest
E48DJ,51.613715,-0.030391,Waltham Forest
E48DL,51.620805,-0.018903,Waltham Forest
E48DN,51.620227,-0.020329,Waltham Forest
E48DP,51.617904,-0.018596,Waltham Forest
E48DR,51.617477,-0.019380,Waltham Forest
E48DT,51.619002,-0.020773,Waltham Forest
E48DU,51.619267,-0.020501,Waltham Forest
E48DW,51.619327,-0.018721,Waltham Forest
E48DX,51.620639,-0.022377,Waltham Forest
E48DY,51.621312,-0.021741,Waltham Forest
E48DZ,51.621065,-0.023630,Waltham Forest
E48EA,51.620025,-0.023805,Waltham Forest
E48EB,51.603104,-0.013755,Waltham Forest
E48ED,51.603361,-0.012488,Waltham Forest
E48EE,51.620995,-0.020570,Waltham Forest
E48EF,51.619269,-0.024358,Waltham Forest
E48EG,51.619082,-0.023889,Waltham Forest
E48EH,51.618037,-0.024325,Waltham Forest
E48EJ,51.617756,-0.024600,Waltham Forest
E48EL,51.617929,-0.022107,Waltham Forest
E48EN,51.618775,-0.023296,Waltham Forest
E48EP,51.617780,-0.020840,Waltham Forest
E48ER,51.620026,-0.023779,Waltham Forest
E48ES,51.604642,-0.012215,Waltham Forest
E48ET,51.617134,-0.013992,Waltham Forest
E48EU,51.617065,-0.021059,Waltham Forest
E48EW,51.618604,-0.021180,Waltham Forest
E48EX,51.617272,-0.025355,Waltham Forest
E48EY,51.616765,-0.028352,Waltham Forest
E48GP,51.609151,-0.031715,Waltham Forest
E48HA,51.617066,-0.029177,Waltham Forest
E48HB,51.617022,-0.028702,Waltham Forest
E48HD,51.619925,-0.025890,Waltham Forest
E48HE,51.619620,-0.025397,Waltham Forest
E48HF,51.617759,-0.027024,Waltham Forest
E48HH,51.616777,-0.018948,Waltham Forest
E48HP,51.616662,-0.023330,Waltham Forest
E48HR,51.615971,-0.023389,Waltham Forest
E48HS,51.615727,-0.027040,Waltham Forest
E48HT,51.616003,-0.027432,Waltham Forest
E48HU,51.616761,-0.027616,Waltham Forest
E48HW,51.616625,-0.022598,Waltham Forest
E48HX,51.615051,-0.028586,Waltham Forest
E48HY,51.614650,-0.029340,Waltham Forest
E48JA,51.613179,-0.032249,Waltham Forest
E48JB,51.614829,-0.031397,Waltham Forest
E48JD,51.614699,-0.032270,Waltham Forest
E48JE,51.614405,-0.030289,Waltham Forest
E48JG,51.615041,-0.030146,Waltham Forest
E48JL,51.615990,-0.017076,Waltham Forest
E48JQ,51.615399,-0.030029,Waltham Forest
E48JR,51.613907,-0.017224,Waltham Forest
E48JS,51.613608,-0.016558,Waltham Forest
E48JT,51.614660,-0.019257,Waltham Forest
E48JU,51.613869,-0.020303,Waltham Forest
E48JX,51.613991,-0.021585,Waltham Forest
E48JY,51.614361,-0.021234,Waltham Forest
E48JZ,51.616774,-0.017128,Waltham Forest
E48LA,51.614682,-0.022679,Waltham Forest
E48LB,51.615805,-0.021533,Waltham Forest
E48LD,51.615975,-0.022031,Waltham Forest
E48LE,51.615728,-0.020727,Waltham Forest
E48LF,51.616083,-0.022546,Waltham Forest
E48LG,51.615936,-0.019201,Waltham Forest
E48LH,51.615064,-0.018676,Waltham Forest
E48LL,51.613963,-0.017901,Waltham Forest
E48LP,51.615896,-0.017805,Waltham Forest
E48LQ,51.615247,-0.019390,Waltham Forest
E48LR,51.614320,-0.017741,Waltham Forest
E48LS,51.613900,-0.018958,Waltham Forest
E48LT,51.612559,-0.018366,Waltham Forest
E48LU,51.610418,-0.018245,Waltham Forest
E48LX,51.610754,-0.020106,Waltham Forest
E48LY,51.610446,-0.022127,Waltham Forest
E48LZ,51.610519,-0.020015,Waltham Forest
E48NA,51.609753,-0.021521,Waltham Forest
E48NB,51.609221,-0.021360,Waltham Forest
E48ND,51.609897,-0.019955,Waltham Forest
E48NE,51.608987,-0.019345,Waltham Forest
E48NF,51.608635,-0.019259,Waltham Forest
E48NH,51.613071,-0.019947,Waltham Forest
E48NJ,51.613363,-0.020700,Waltham Forest
E48NL,51.613999,-0.023763,Waltham Forest
E48NN,51.612242,-0.020893,Waltham Forest
E48NP,51.613443,-0.024380,Waltham Forest
E48NR,51.613744,-0.024121,Waltham Forest
E48NS,51.613705,-0.027127,Waltham Forest
E48NT,51.614035,-0.026954,Waltham Forest
E48NU,51.613232,-0.029502,Waltham Forest
E48NW,51.612303,-0.021309,Waltham Forest
E48NY,51.608247,-0.020764,Waltham Forest
E48PA,51.612770,-0.028222,Waltham Forest
E48PB,51.613088,-0.028396,Waltham Forest
E48PD,51.612395,-0.025176,Waltham Forest
E48PE,51.612763,-0.025146,Waltham Forest
E48PH,51.611708,-0.019518,Waltham Forest
E48PJ,51.611387,-0.019818,Waltham Forest
E48PL,51.612600,-0.019173,Waltham Forest
E48PN,51.611023,-0.021163,Waltham Forest
E48PP,51.611703,-0.025123,Waltham Forest
E48PR,51.611296,-0.024516,Waltham Forest
E48PS,51.612058,-0.029177,Waltham Forest
E48PT,51.611686,-0.028486,Waltham Forest
E48PU,51.611792,-0.031009,Waltham Forest
E48PW,51.611189,-0.021837,Waltham Forest
E48PX,51.611779,-0.029738,Waltham Forest
E48PY,51.611351,-0.030999,Waltham Forest
E48PZ,51.609894,-0.031961,Waltham Forest
E48QB,51.608162,-0.032729,Waltham Forest
E48QD,51.611558,-0.031033,Waltham Forest
E48QE,51.610504,-0.030259,Waltham Forest
E48QF,51.609461,-0.029192,Waltham Forest
E48QG,51.610710,-0.028196,Waltham Forest
E48QH,51.610295,-0.024274,Waltham Forest
E48QJ,51.610643,-0.024732,Waltham Forest
E48QL,51.610872,-0.022761,Waltham Forest
E48QN,51.612430,-0.022474,Waltham Forest
E48QP,51.612468,-0.022025,Waltham Forest
E48QQ,51.611040,-0.028445,Waltham Forest
E48QR,51.611722,-0.025263,Waltham Forest
E48QS,51.609331,-0.024804,Waltham Forest
E48QT,51.609339,-0.024211,Waltham Forest
E48QW,51.611729,-0.021927,Waltham Forest
E48RP,51.609178,-0.028508,Waltham Forest
E48RR,51.610116,-0.026982,Waltham Forest
E48RS,51.609776,-0.027197,Waltham Forest
E48RT,51.609542,-0.025575,Waltham Forest
E48SA,51.605982,-0.017009,Waltham Forest
E48SB,51.605339,-0.016312,Waltham Forest
E48SD,51.605827,-0.014861,Waltham Forest
E48SE,51.605106,-0.014777,Waltham Forest
E48SF,51.604645,-0.014061,Waltham Forest
E48SG,51.604231,-0.014486,Waltham Forest
E48SH,51.604017,-0.016170,Waltham Forest
E48SL,51.602048,-0.016340,Waltham Forest
E48SN,51.607068,-0.020601,Waltham Forest
E48SP,51.601822,-0.017190,Waltham Forest
E48SQ,51.604614,-0.015968,Waltham Forest
E48SR,51.602280,-0.015132,Waltham Forest
E48SS,51.601827,-0.014920,Waltham Forest
E48ST,51.604126,-0.021018,Waltham Forest
E48SU,51.606824,-0.023197,Waltham Forest
E48TA,51.604714,-0.024473,Waltham Forest
E48TD,51.607034,-0.023994,Waltham Forest
E48TP,51.611272,-0.030612,Waltham Forest
E48TX,51.604763,-0.028020,Waltham Forest
E48YD,51.607851,-0.025041,Waltham Forest
E48YE,51.607098,-0.027269,Waltham Forest
E48YF,51.607151,-0.026689,Waltham Forest
E48YG,51.607110,-0.024785,Waltham Forest
E48YH,51.607475,-0.026184,Waltham Forest
E48YJ,51.608667,-0.023258,Waltham Forest
E48YL,51.607714,-0.027040,Waltham Forest
E48YN,51.608178,-0.026818,Waltham Forest
E48YP,51.607823,-0.026545,Waltham Forest
E48YQ,51.606443,-0.025767,Waltham Forest
E48YS,51.608707,-0.025134,Waltham Forest
E48YT,51.609185,-0.025186,Waltham Forest
E48YU,51.608857,-0.025347,Waltham Forest
E48YW,51.608493,-0.026804,Waltham Forest
E48YX,51.608923,-0.026194,Waltham Forest
E48YY,51.609072,-0.027447,Waltham Forest
E49AA,51.610822,-0.017763,Waltham Forest
E49AB,51.609429,-0.017261,Waltham Forest
E49AD,51.608601,-0.016141,Waltham Forest
E49AE,51.607348,-0.004746,Waltham Forest
E49AF,51.607029,-0.004613,Waltham Forest
E49AH,51.606721,-0.016543,Waltham Forest
E49AJ,51.607415,-0.014015,Waltham Forest
E49AL,51.607132,-0.013866,Waltham Forest
E49AN,51.607736,-0.010734,Waltham Forest
E49AP,51.606655,-0.013814,Waltham Forest
E49AQ,51.607475,-0.003238,Waltham Forest
E49AR,51.606356,-0.013697,Waltham Forest
E49AS,51.606585,-0.009687,Waltham Forest
E49AW,51.607035,-0.010779,Waltham Forest
E49AX,51.611363,-0.016266,Waltham Forest
E49AY,51.608250,-0.012950,Waltham Forest
E49AZ,51.607893,-0.013674,Waltham Forest
E49BB,51.609130,-0.011280,Waltham Forest
E49BD,51.608819,-0.011496,Waltham Forest
E49BE,51.609630,-0.009510,Waltham Forest
E49BF,51.607739,-0.004469,Waltham Forest
E49BG,51.610022,-0.011400,Waltham Forest
E49BH,51.610627,-0.013121,Waltham Forest
E49BJ,51.611267,-0.013194,Waltham Forest
E49BL,51.613773,-0.013041,Waltham Forest
E49BN,51.613773,-0.012492,Waltham Forest
E49BP,51.612654,-0.017048,Waltham Forest
E49BQ,51.609728,-0.011557,Waltham Forest
E49BS,51.612674,-0.017642,Waltham Forest
E49BT,51.613313,-0.016138,Waltham Forest
E49BU,51.612418,-0.017448,Waltham Forest
E49BW,51.607769,-0.001493,Waltham Forest
E49BX,51.612049,-0.015341,Waltham Forest
E49BY,51.611784,-0.015612,Waltham Forest
E49BZ,51.612390,-0.016352,Waltham Forest
E49DA,51.612655,-0.015418,Waltham Forest
E49DB,51.611379,-0.014532,Waltham Forest
E49DD,51.612365,-0.011673,Waltham Forest
E49DE,51.610968,-0.015749,Waltham Forest
E49DF,51.610733,-0.015673,Waltham Forest
E49DG,51.610309,-0.015605,Waltham Forest
E49DH,51.609574,-0.016272,Waltham Forest
E49DJ,51.608928,-0.014769,Waltham Forest
E49DL,51.609683,-0.014765,Waltham Forest
E49DN,51.609432,-0.013652,Waltham Forest
E49DP,51.612185,-0.014887,Waltham Forest
E49DQ,51.609983,-0.015965,Waltham Forest
E49DS,51.615347,-0.014648,Waltham Forest
E49DT,51.614964,-0.014867,Waltham Forest
E49DU,51.615698,-0.012004,Waltham Forest
E49DW,51.612233,-0.017687,Waltham Forest
E49DX,51.614928,-0.010608,Waltham Forest
E49DY,51.614858,-0.017026,Waltham Forest
E49EA,51.613271,-0.011561,Waltham Forest
E49EB,51.613766,-0.009332,Waltham Forest
E49ED,51.612711,-0.008726,Waltham Forest
E49EE,51.611327,-0.008801,Waltham Forest
E49EF,51.608030,-0.001510,Waltham Forest
E49EG,51.611226,-0.006566,Waltham Forest
E49EH,51.612661,-0.003716,Waltham Forest
E49EJ,51.611808,-0.003768,Waltham Forest
E49EL,51.612129,-0.006224,Waltham Forest
E49EN,51.612906,-0.010147,Waltham Forest
E49EP,51.617997,-0.013842,Waltham Forest
E49EQ,51.611596,-0.006651,Waltham Forest
E49ER,51.617601,-0.014478,Waltham Forest
E49ES,51.618039,-0.016324,Waltham Forest
E49ET,51.618361,-0.015831,Waltham Forest
E49EU,51.616778,-0.014730,Waltham Forest
E49EX,51.617178,-0.011824,Waltham Forest
E49EY,51.617048,-0.005650,Waltham Forest
E49EZ,51.617619,-0.009190,Waltham Forest
E49FA,51.620345,-0.008062,Waltham Forest
E49FQ,51.607697,-0.003590,Waltham Forest
E49FU,51.608417,-0.003602,Waltham Forest
E49GA,51.608256,-0.003161,Waltham Forest
E49GB,51.608855,-0.006630,Waltham Forest
E49GE,51.611492,-0.017404,Waltham Forest
E49GF,51.611307,-0.003301,Waltham Forest
E49GG,51.609440,-0.000870,Waltham Forest
E49HA,51.613015,-0.003270,Waltham Forest
E49HB,51.617042,-0.010125,Waltham Forest
E49HD,51.616673,-0.010141,Waltham Forest
E49HE,51.616210,-0.014555,Waltham Forest
E49HF,51.615897,-0.014725,Waltham Forest
E49HG,51.616561,-0.007257,Waltham Forest
E49HH,51.609385,-0.001335,Waltham Forest
E49HJ,51.613420,-0.003899,Waltham Forest
E49HL,51.612194,-0.001108,Waltham Forest
E49HP,51.610694,-0.000541,Waltham Forest
E49HQ,51.616988,-0.006949,Waltham Forest
E49HR,51.611172,-0.001254,Waltham Forest
E49HS,51.612555,-0.001135,Waltham Forest
E49HT,51.612063,-0.002370,Waltham Forest
E49HU,51.612949,-0.000020,Waltham Forest
E49HW,51.612195,-0.003274,Waltham Forest
E49HX,51.613192,0.000496,Waltham Forest
E49HY,51.615238,-0.000266,Waltham Forest
E49HZ,51.613054,-0.002456,Waltham Forest
E49JA,51.613593,-0.002953,Waltham Forest
E49JB,51.613362,-0.001013,Waltham Forest
E49JD,51.608669,-0.003128,Waltham Forest
E49JE,51.611588,-0.002379,Waltham Forest
E49JF,51.610674,-0.002113,Waltham Forest
E49JG,51.609577,-0.004663,Waltham Forest
E49JH,51.605492,-0.002964,Waltham Forest
E49JJ,51.605015,-0.003575,Waltham Forest
E49JL,51.605950,-0.005038,Waltham Forest
E49JN,51.603381,-0.002636,Waltham Forest
E49JP,51.601969,-0.003595,Waltham Forest
E49JQ,51.611182,-0.003899,Waltham Forest
E49JR,51.604515,-0.004304,Waltham Forest
E49JS,51.601937,-0.004461,Waltham Forest
E49JT,51.603469,-0.005173,Waltham Forest
E49JU,51.603326,-0.004154,Waltham Forest
E49JW,51.601728,-0.003286,Waltham Forest
E49JX,51.602494,-0.003887,Waltham Forest
E49LA,51.608188,-0.000203,Waltham Forest
E49LB,51.609754,0.000761,Waltham Forest
E49LD,51.608384,0.000412,Waltham Forest
E49LE,51.607704,0.000125,Waltham Forest
E49LG,51.607657,-0.001252,Waltham Forest
E49LH,51.606640,-0.001265,Waltham Forest
E49LJ,51.605114,-0.001953,Waltham Forest
E49LL,51.605283,-0.002280,Waltham Forest
E49LN,51.606792,-0.001637,Waltham Forest
E49LP,51.606757,-0.003328,Waltham Forest
E49LQ,51.607338,-0.000963,Waltham Forest
E49LR,51.607043,-0.003327,Waltham Forest
E49LS,51.606351,-0.005986,Waltham Forest
E49LT,51.607704,-0.007804,Waltham Forest
E49LU,51.607308,-0.005655,Waltham Forest
E49LW,51.607192,-0.009400,Waltham Forest
E49LX,51.607736,-0.005968,Waltham Forest
E49LY,51.607457,-0.006486,Waltham Forest
E49LZ,51.607019,-0.007198,Waltham Forest
E49NA,51.605932,-0.007766,Waltham Forest
E49NB,51.606829,-0.008723,Waltham Forest
E49ND,51.606822,-0.008206,Waltham Forest
E49NE,51.606223,-0.007871,Waltham Forest
E49NF,51.605724,-0.008786,Waltham Forest
E49NG,51.605360,-0.006924,Waltham Forest
E49NH,51.606387,-0.003312,Waltham Forest
E49NJ,51.606143,-0.000088,Waltham Forest
E49NL,51.606117,0.000936,Waltham Forest
E49NN,51.603053,-0.001350,Waltham Forest
E49NP,51.603374,0.000397,Waltham Forest
E49NQ,51.606158,-0.003077,Waltham Forest
E49NR,51.602709,-0.000167,Waltham Forest
E49NS,51.601933,-0.000420,Waltham Forest
E49NT,51.602222,-0.002181,Waltham Forest
E49NU,51.601160,-0.002632,Waltham Forest
E49NW,51.604198,0.000577,Waltham Forest
E49NX,51.605391,-0.000800,Waltham Forest
E49NY,51.608380,-0.006316,Waltham Forest
E49PB,51.606762,0.001655,Waltham Forest
E49PD,51.607900,0.000853,Waltham Forest
E49PE,51.608645,0.001899,Waltham Forest
E49PF,51.609015,0.002433,Waltham Forest
E49PG,51.609954,0.004759,Waltham Forest
E49PH,51.607213,0.001519,Waltham Forest
E49PJ,51.608546,0.003469,Waltham Forest
E49PL,51.607085,0.002163,Waltham Forest
E49PN,51.606573,0.002631,Waltham Forest
E49PP,51.606255,0.002849,Waltham Forest
E49PQ,51.609595,0.003660,Waltham Forest
E49PR,51.606734,0.004790,Waltham Forest
E49PS,51.605075,0.000847,Waltham Forest
E49PT,51.606819,0.000880,Waltham Forest
E49PX,51.610872,0.003658,Waltham Forest
E49PY,51.610553,0.002864,Waltham Forest
E49PZ,51.609616,0.007676,Waltham Forest
E49QA,51.610619,0.003214,Waltham Forest
E49QB,51.611002,0.003967,Waltham Forest
E49QD,51.609948,0.003026,Waltham Forest
E49QE,51.610033,0.003304,Waltham Forest
E49QF,51.610175,0.003425,Waltham Forest
E49QG,51.610248,0.003876,Waltham Forest
E49QH,51.611382,0.004851,Waltham Forest
E49QJ,51.611550,0.004526,Waltham Forest
E49QL,51.611938,0.004976,Waltham Forest
E49QN,51.610806,0.005981,Waltham Forest
E49QP,51.610579,0.006621,Waltham Forest
E49QQ,51.608722,0.000574,Waltham Forest
E49QR,51.609542,0.007803,Waltham Forest
E49QS,51.609584,0.006418,Waltham Forest
E49QT,51.608533,0.007397,Waltham Forest
E49QU,51.608600,0.006144,Waltham Forest
E49QX,51.609214,0.006067,Waltham Forest
E49QY,51.609013,0.004559,Waltham Forest
E49QZ,51.609536,0.002935,Waltham Forest
E49RA,51.610290,0.001943,Waltham Forest
E49RB,51.611366,0.003175,Waltham Forest
E49RD,51.613575,0.005973,Waltham Forest
E49RE,51.612492,0.005778,Waltham Forest
E49RF,51.609839,0.001504,Waltham Forest
E49RG,51.613223,0.007098,Waltham Forest
E49RH,51.613729,0.008016,Waltham Forest
E49RJ,51.610806,0.008595,Waltham Forest
E49RL,51.610425,0.007697,Waltham Forest
E49RN,51.611078,0.006903,Waltham Forest
E49RP,51.612202,0.004222,Waltham Forest
E49RR,51.612568,0.001220,Waltham Forest
E49RS,51.612758,0.001705,Waltham Forest
E49RT,51.613360,0.002786,Waltham Forest
E49RU,51.613580,0.003139,Waltham Forest
E49RW,51.611874,0.007253,Waltham Forest
E49RX,51.611907,0.003097,Waltham Forest
E49RY,51.611327,0.002321,Waltham Forest
E49RZ,51.613453,0.005216,Waltham Forest
E49SA,51.615002,0.005111,Waltham Forest
E49SB,51.615134,0.005796,Waltham Forest
E49SD,51.614796,0.006619,Waltham Forest
E49SE,51.615962,0.008909,Waltham Forest
E49SF,51.612898,0.004106,Waltham Forest
E49SG,51.617524,0.009192,Waltham Forest
E49SH,51.615388,0.004117,Waltham Forest
E49SJ,51.618222,-0.005494,Waltham Forest
E49SL,51.618630,-0.004653,Waltham Forest
E49SN,51.619245,-0.006966,Waltham Forest
E49SP,51.621684,-0.003392,Waltham Forest
E49SR,51.621811,-0.005033,Waltham Forest
E49SS,51.621588,-0.005636,Waltham Forest
E49ST,51.620635,-0.005114,Waltham Forest
E49SU,51.619607,-0.007600,Waltham Forest
E49SW,51.620315,-0.004825,Waltham Forest
E49SX,51.618403,-0.008216,Waltham Forest
E49SY,51.617972,-0.009220,Waltham Forest
E49TA,51.618971,-0.008842,Waltham Forest
E49TB,51.618614,-0.010042,Waltham Forest
E49TD,51.618614,-0.010562,Waltham Forest
E49TE,51.618096,-0.011307,Waltham Forest
E49TG,51.620577,-0.009161,Waltham Forest
E49TX,51.619614,-0.009622,Waltham Forest
E49TY,51.619976,-0.009638,Waltham Forest
E49TZ,51.620372,-0.010326,Waltham Forest
E49UA,51.609161,-0.000319,Waltham Forest
E49UL,51.610459,0.005200,Waltham Forest
E49UT,51.608381,-0.010056,Waltham Forest
E49UU,51.608521,-0.009833,Waltham Forest
E49UX,51.608537,-0.009212,Waltham Forest
E49UY,51.608470,-0.008955,Waltham Forest
E49UZ,51.608523,-0.008346,Waltham Forest
E49XA,51.608694,-0.008367,Waltham Forest
E49XB,51.608136,-0.007828,Waltham Forest
E49XD,51.608506,-0.007393,Waltham Forest
E49XE,51.607849,-0.008390,Waltham Forest
E49XF,51.607772,-0.010198,Waltham Forest
E49XG,51.608062,-0.009276,Waltham Forest
